id,series_key,unit,as_of_date,published_date,retrieved_at,url,content_hash,http_status,source_id,tier,audited_vs_reported,extraction_method,extractor_version,raw_snippet,value_numeric,value_text,value_low,value_high,period_start,entity_id,run_rate_vs_booked,gross_vs_net,disputed,dispute_text,note,review_status,reviewer_id,supersedes_id
e81f468f0abf4459,sec.nvda.gross_profit.fy,USD,2008-01-27,2010-03-18,2026-09-10T01:20:41.231872Z,https://data.sec.gov/api/xbrl/companyfacts/CIK0001045810.json,19ef503a5770f5660964b3c3aea6937579d9b359da344afe6a9adf59c63d26ff,200,sec_xbrl,4,audited,xbrl,sec_xbrl-1,"{""GrossProfit"": {""accn"": ""0001045810-10-000006"", ""end"": ""2008-01-27"", ""filed"": ""2010-03-18"", ""form"": ""10-K"", ""fp"": ""FY"", ""frame"": ""CY2007"", ""fy"": 2010, ""start"": ""2007-01-29"", ""val"": 1869280000}}",1869280000.0,,,,2007-01-29,nvda,,,False,,,approved,,
6234da9894ec1a92,sec.nvda.gross_profit.fy,USD,2009-01-25,2011-03-16,2026-09-10T01:20:41.231872Z,https://data.sec.gov/api/xbrl/companyfacts/CIK0001045810.json,19ef503a5770f5660964b3c3aea6937579d9b359da344afe6a9adf59c63d26ff,200,sec_xbrl,4,audited,xbrl,sec_xbrl-1,"{""GrossProfit"": {""accn"": ""0001045810-11-000015"", ""end"": ""2009-01-25"", ""filed"": ""2011-03-16"", ""form"": ""10-K"", ""fp"": ""FY"", ""frame"": ""CY2008"", ""fy"": 2010, ""start"": ""2008-01-28"", ""val"": 1174269000}}",1174269000.0,,,,2008-01-28,nvda,,,False,,,approved,,
258fef9d405c9684,sec.nvda.gross_profit.fy,USD,2010-01-31,2012-03-13,2026-09-10T01:20:41.231872Z,https://data.sec.gov/api/xbrl/companyfacts/CIK0001045810.json,19ef503a5770f5660964b3c3aea6937579d9b359da344afe6a9adf59c63d26ff,200,sec_xbrl,4,audited,xbrl,sec_xbrl-1,"{""GrossProfit"": {""accn"": ""0001045810-12-000013"", ""end"": ""2010-01-31"", ""filed"": ""2012-03-13"", ""form"": ""10-K"", ""fp"": ""FY"", ""frame"": ""CY2009"", ""fy"": 2011, ""start"": ""2009-01-26"", ""val"": 1176923000}}",1176923000.0,,,,2009-01-26,nvda,,,False,,,approved,,
69efc7bf4c157fa3,sec.nvda.gross_profit.fy,USD,2011-01-30,2013-03-12,2026-09-10T01:20:41.231872Z,https://data.sec.gov/api/xbrl/companyfacts/CIK0001045810.json,19ef503a5770f5660964b3c3aea6937579d9b359da344afe6a9adf59c63d26ff,200,sec_xbrl,4,audited,xbrl,sec_xbrl-1,"{""GrossProfit"": {""accn"": ""0001045810-13-000008"", ""end"": ""2011-01-30"", ""filed"": ""2013-03-12"", ""form"": ""10-K"", ""fp"": ""FY"", ""frame"": ""CY2010"", ""fy"": 2012, ""start"": ""2010-02-01"", ""val"": 1409090000}}",1409090000.0,,,,2010-02-01,nvda,,,False,,,approved,,
88a5939d2b85c61c,sec.nvda.gross_profit.fy,USD,2012-01-29,2014-03-13,2026-09-10T01:20:41.231872Z,https://data.sec.gov/api/xbrl/companyfacts/CIK0001045810.json,19ef503a5770f5660964b3c3aea6937579d9b359da344afe6a9adf59c63d26ff,200,sec_xbrl,4,audited,xbrl,sec_xbrl-1,"{""GrossProfit"": {""accn"": ""0001045810-14-000030"", ""end"": ""2012-01-29"", ""filed"": ""2014-03-13"", ""form"": ""10-K"", ""fp"": ""FY"", ""frame"": ""CY2011"", ""fy"": 2013, ""start"": ""2011-01-31"", ""val"": 2056517000}}",2056517000.0,,,,2011-01-31,nvda,,,False,,,approved,,
21dc4ba35767bd13,sec.nvda.gross_profit.fy,USD,2013-01-27,2015-03-12,2026-09-10T01:20:41.231872Z,https://data.sec.gov/api/xbrl/companyfacts/CIK0001045810.json,19ef503a5770f5660964b3c3aea6937579d9b359da344afe6a9adf59c63d26ff,200,sec_xbrl,4,audited,xbrl,sec_xbrl-1,"{""GrossProfit"": {""accn"": ""0001045810-15-000036"", ""end"": ""2013-01-27"", ""filed"": ""2015-03-12"", ""form"": ""10-K"", ""fp"": ""FY"", ""frame"": ""CY2012"", ""fy"": 2015, ""start"": ""2012-01-30"", ""val"": 2226343000}}",2226343000.0,,,,2012-01-30,nvda,,,False,,,approved,,
b0c7273e0baf85b3,sec.nvda.gross_profit.fy,USD,2014-01-26,2016-03-17,2026-09-10T01:20:41.231872Z,https://data.sec.gov/api/xbrl/companyfacts/CIK0001045810.json,19ef503a5770f5660964b3c3aea6937579d9b359da344afe6a9adf59c63d26ff,200,sec_xbrl,4,audited,xbrl,sec_xbrl-1,"{""GrossProfit"": {""accn"": ""0001045810-16-000205"", ""end"": ""2014-01-26"", ""filed"": ""2016-03-17"", ""form"": ""10-K"", ""fp"": ""FY"", ""frame"": ""CY2013"", ""fy"": 2016, ""start"": ""2013-01-28"", ""val"": 2268000000}}",2268000000.0,,,,2013-01-28,nvda,,,False,,,approved,,
5f905f3cfb84694d,sec.nvda.gross_profit.fy,USD,2015-01-25,2017-03-01,2026-09-10T01:20:41.231872Z,https://data.sec.gov/api/xbrl/companyfacts/CIK0001045810.json,19ef503a5770f5660964b3c3aea6937579d9b359da344afe6a9adf59c63d26ff,200,sec_xbrl,4,audited,xbrl,sec_xbrl-1,"{""GrossProfit"": {""accn"": ""0001045810-17-000027"", ""end"": ""2015-01-25"", ""filed"": ""2017-03-01"", ""form"": ""10-K"", ""fp"": ""FY"", ""frame"": ""CY2014"", ""fy"": 2017, ""start"": ""2014-01-27"", ""val"": 2599000000}}",2599000000.0,,,,2014-01-27,nvda,,,False,,,approved,,
9a596eb08e065caa,sec.nvda.gross_profit.fy,USD,2016-01-31,2018-02-28,2026-09-10T01:20:41.231872Z,https://data.sec.gov/api/xbrl/companyfacts/CIK0001045810.json,19ef503a5770f5660964b3c3aea6937579d9b359da344afe6a9adf59c63d26ff,200,sec_xbrl,4,audited,xbrl,sec_xbrl-1,"{""GrossProfit"": {""accn"": ""0001045810-18-000010"", ""end"": ""2016-01-31"", ""filed"": ""2018-02-28"", ""form"": ""10-K"", ""fp"": ""FY"", ""frame"": ""CY2015"", ""fy"": 2018, ""start"": ""2015-01-26"", ""val"": 2811000000}}",2811000000.0,,,,2015-01-26,nvda,,,False,,,approved,,
86881f5fd7266fa2,sec.nvda.gross_profit.fy,USD,2017-01-29,2019-02-21,2026-09-10T01:20:41.231872Z,https://data.sec.gov/api/xbrl/companyfacts/CIK0001045810.json,19ef503a5770f5660964b3c3aea6937579d9b359da344afe6a9adf59c63d26ff,200,sec_xbrl,4,audited,xbrl,sec_xbrl-1,"{""GrossProfit"": {""accn"": ""0001045810-19-000023"", ""end"": ""2017-01-29"", ""filed"": ""2019-02-21"", ""form"": ""10-K"", ""fp"": ""FY"", ""frame"": ""CY2016"", ""fy"": 2019, ""start"": ""2016-02-01"", ""val"": 4063000000}}",4063000000.0,,,,2016-02-01,nvda,,,False,,,approved,,
51fa36a06f65b1af,sec.nvda.gross_profit.fy,USD,2018-01-28,2020-02-20,2026-09-10T01:20:41.231872Z,https://data.sec.gov/api/xbrl/companyfacts/CIK0001045810.json,19ef503a5770f5660964b3c3aea6937579d9b359da344afe6a9adf59c63d26ff,200,sec_xbrl,4,audited,xbrl,sec_xbrl-1,"{""GrossProfit"": {""accn"": ""0001045810-20-000010"", ""end"": ""2018-01-28"", ""filed"": ""2020-02-20"", ""form"": ""10-K"", ""fp"": ""FY"", ""frame"": ""CY2017"", ""fy"": 2020, ""start"": ""2017-01-30"", ""val"": 5822000000}}",5822000000.0,,,,2017-01-30,nvda,,,False,,,approved,,
9ff8201edb50f931,sec.nvda.gross_profit.fy,USD,2019-01-27,2021-02-26,2026-09-10T01:20:41.231872Z,https://data.sec.gov/api/xbrl/companyfacts/CIK0001045810.json,19ef503a5770f5660964b3c3aea6937579d9b359da344afe6a9adf59c63d26ff,200,sec_xbrl,4,audited,xbrl,sec_xbrl-1,"{""GrossProfit"": {""accn"": ""0001045810-21-000010"", ""end"": ""2019-01-27"", ""filed"": ""2021-02-26"", ""form"": ""10-K"", ""fp"": ""FY"", ""frame"": ""CY2018"", ""fy"": 2021, ""start"": ""2018-01-29"", ""val"": 7171000000}}",7171000000.0,,,,2018-01-29,nvda,,,False,,,approved,,
033c249800e1e797,sec.nvda.gross_profit.fy,USD,2020-01-26,2022-03-18,2026-09-10T01:20:41.231872Z,https://data.sec.gov/api/xbrl/companyfacts/CIK0001045810.json,19ef503a5770f5660964b3c3aea6937579d9b359da344afe6a9adf59c63d26ff,200,sec_xbrl,4,audited,xbrl,sec_xbrl-1,"{""GrossProfit"": {""accn"": ""0001045810-22-000036"", ""end"": ""2020-01-26"", ""filed"": ""2022-03-18"", ""form"": ""10-K"", ""fp"": ""FY"", ""frame"": ""CY2019"", ""fy"": 2022, ""start"": ""2019-01-28"", ""val"": 6768000000}}",6768000000.0,,,,2019-01-28,nvda,,,False,,,approved,,
dcef64de4d483fb5,sec.nvda.gross_profit.fy,USD,2021-01-31,2023-02-24,2026-09-10T01:20:41.231872Z,https://data.sec.gov/api/xbrl/companyfacts/CIK0001045810.json,19ef503a5770f5660964b3c3aea6937579d9b359da344afe6a9adf59c63d26ff,200,sec_xbrl,4,audited,xbrl,sec_xbrl-1,"{""GrossProfit"": {""accn"": ""0001045810-23-000017"", ""end"": ""2021-01-31"", ""filed"": ""2023-02-24"", ""form"": ""10-K"", ""fp"": ""FY"", ""frame"": ""CY2020"", ""fy"": 2023, ""start"": ""2020-01-27"", ""val"": 10396000000}}",10396000000.0,,,,2020-01-27,nvda,,,False,,,approved,,
2c702017e44c1c56,sec.nvda.gross_profit.fy,USD,2022-01-30,2024-02-21,2026-09-10T01:20:41.231872Z,https://data.sec.gov/api/xbrl/companyfacts/CIK0001045810.json,19ef503a5770f5660964b3c3aea6937579d9b359da344afe6a9adf59c63d26ff,200,sec_xbrl,4,audited,xbrl,sec_xbrl-1,"{""GrossProfit"": {""accn"": ""0001045810-24-000029"", ""end"": ""2022-01-30"", ""filed"": ""2024-02-21"", ""form"": ""10-K"", ""fp"": ""FY"", ""frame"": ""CY2021"", ""fy"": 2024, ""start"": ""2021-02-01"", ""val"": 17475000000}}",17475000000.0,,,,2021-02-01,nvda,,,False,,,approved,,
94985f34ba399473,sec.nvda.gross_profit.fy,USD,2023-01-29,2025-02-26,2026-09-10T01:20:41.231872Z,https://data.sec.gov/api/xbrl/companyfacts/CIK0001045810.json,19ef503a5770f5660964b3c3aea6937579d9b359da344afe6a9adf59c63d26ff,200,sec_xbrl,4,audited,xbrl,sec_xbrl-1,"{""GrossProfit"": {""accn"": ""0001045810-25-000023"", ""end"": ""2023-01-29"", ""filed"": ""2025-02-26"", ""form"": ""10-K"", ""fp"": ""FY"", ""frame"": ""CY2022"", ""fy"": 2025, ""start"": ""2022-01-31"", ""val"": 15356000000}}",15356000000.0,,,,2022-01-31,nvda,,,False,,,approved,,
0881a16d39ea482b,sec.nvda.gross_profit.fy,USD,2024-01-28,2026-02-25,2026-09-10T01:20:41.231872Z,https://data.sec.gov/api/xbrl/companyfacts/CIK0001045810.json,19ef503a5770f5660964b3c3aea6937579d9b359da344afe6a9adf59c63d26ff,200,sec_xbrl,4,audited,xbrl,sec_xbrl-1,"{""GrossProfit"": {""accn"": ""0001045810-26-000021"", ""end"": ""2024-01-28"", ""filed"": ""2026-02-25"", ""form"": ""10-K"", ""fp"": ""FY"", ""frame"": ""CY2023"", ""fy"": 2026, ""start"": ""2023-01-30"", ""val"": 44301000000}}",44301000000.0,,,,2023-01-30,nvda,,,False,,,approved,,
1bc5d9a30858bc99,sec.nvda.gross_profit.fy,USD,2025-01-26,2026-02-25,2026-09-10T01:20:41.231872Z,https://data.sec.gov/api/xbrl/companyfacts/CIK0001045810.json,19ef503a5770f5660964b3c3aea6937579d9b359da344afe6a9adf59c63d26ff,200,sec_xbrl,4,audited,xbrl,sec_xbrl-1,"{""GrossProfit"": {""accn"": ""0001045810-26-000021"", ""end"": ""2025-01-26"", ""filed"": ""2026-02-25"", ""form"": ""10-K"", ""fp"": ""FY"", ""frame"": ""CY2024"", ""fy"": 2026, ""start"": ""2024-01-29"", ""val"": 97858000000}}",97858000000.0,,,,2024-01-29,nvda,,,False,,,approved,,
383e0e366e0eb890,sec.nvda.gross_profit.fy,USD,2026-01-25,2026-02-25,2026-09-10T01:20:41.231872Z,https://data.sec.gov/api/xbrl/companyfacts/CIK0001045810.json,19ef503a5770f5660964b3c3aea6937579d9b359da344afe6a9adf59c63d26ff,200,sec_xbrl,4,audited,xbrl,sec_xbrl-1,"{""GrossProfit"": {""accn"": ""0001045810-26-000021"", ""end"": ""2026-01-25"", ""filed"": ""2026-02-25"", ""form"": ""10-K"", ""fp"": ""FY"", ""frame"": ""CY2025"", ""fy"": 2026, ""start"": ""2025-01-27"", ""val"": 153463000000}}",153463000000.0,,,,2025-01-27,nvda,,,False,,,approved,,
